Index,Time,FitTime,FitSteps,FncCalls,k,Flank,NS,Di,MG,PT,HT,RO,NuSym,DiSym,Shift,NSBind,TrainL,TrainLPerRead,AdjTrainLPerRead,TestLPerRead,AdjTestLPerRead,Lambda,NullVectors,PSAM
0,2018-06-26 18:27:04,0.836,56,68,8,0,TRUE,FALSE,FALSE,FALSE,FALSE,FALSE,1.1.1.1.-1.-1.-1.-1,NA,-1,3.792423636760433,55073.60083269878,22.029440333079513,14.212603052901043,NA,NA,0.0025,4,CACATGTG,NB>,-0.5633441453852465,-0.3032427903662823,-1.289545177702635,-1.6362915233062696,0.12517037412236987,-0.7741507248065407,-0.7304443588691936,-2.412998927207069,-0.6524196378105502,2.279022629952727,-3.9676898129263076,-1.4513368159763016,0.5583412188094524,-1.9170439845646887,0.3084855605427588,-2.7422064315479564,-2.7422064315479564,0.30848556054275894,-1.9170439845646885,0.5583412188094525,-1.4513368159763018,-3.967689812926308,2.2790226299527263,-0.6524196378105505,-2.4129989272070693,-0.7304443588691937,-0.7741507248065408,0.12517037412236975,-1.6362915233062698,-1.289545177702635,-0.3032427903662826,-0.5633441453852467,NSB>,3.792423636760433,NE>,0.4152261119052281,0.4094751437844496,0.4275902406333351,0.4635675875401413,0.43252552310653525,0.4513389430874411,0.45581286217992134,0.6310287091493695,1.6333361599037681,1.5447462903035147,5.96816426309733,1.8463365097947786,0.49246487032604686,0.6642656629950375,0.49602722289254936,1.2001000491776674,1.2001000491776674,0.49602722289254936,0.6642656629950375,0.49246487032604686,1.8463365097947786,5.96816426309733,1.5447462903035147,1.6333361599037681,0.6310287091493695,0.45581286217992134,0.4513389430874411,0.43252552310653525,0.4635675875401413,0.4275902406333351,0.4094751437844496,0.4152261119052281,NSBE>,0.788133014234182,NS>,-0.9033604062413858,1.526302634747741,-2.73576901914791,-2.68922506642497,1.1019098816217308,-3.3168423835294,-0.984183946626712,-1.6029354085321417,-1.9721834709641235,1.8361828373084064,-4.758011304117756,0.09196008070694957,0.09196008070694948,-4.758011304117756,1.8361828373084064,-1.9721834709641235,-1.602935408532142,-0.9841839466267123,-3.3168423835294,1.1019098816217305,-2.6892250664249695,-2.7357690191479094,1.526302634747741,-0.9033604062413859,-1.8408696830319682,-1.3910589878023363,-0.7701240629112394,-0.7999991233209801,0.0,0.0,0.0,0.0,NSBS>,4.802051857066523,<EOL>
1,2018-06-26 18:27:03,0.779,58,67,8,0,TRUE,FALSE,FALSE,FALSE,FALSE,FALSE,1.1.1.1.-1.-1.-1.-1,NA,0,4.802051857066523,55026.71333460466,22.010685333841863,14.193848053663396,NA,NA,0.0025,4,CCACGTGG,NB>,-0.7999991233209799,-0.7701240629112391,-1.391058987802336,-1.8408696830319682,-0.9033604062413858,1.526302634747741,-2.73576901914791,-2.68922506642497,1.1019098816217308,-3.3168423835294,-0.984183946626712,-1.6029354085321417,-1.9721834709641235,1.8361828373084064,-4.758011304117756,0.09196008070694957,0.09196008070694948,-4.758011304117756,1.8361828373084064,-1.9721834709641235,-1.602935408532142,-0.9841839466267123,-3.3168423835294,1.1019098816217305,-2.6892250664249695,-2.7357690191479094,1.526302634747741,-0.9033604062413859,-1.8408696830319682,-1.3910589878023363,-0.7701240629112394,-0.7999991233209801,NSB>,4.802051857066523,NE>,0.3084560268181066,0.30494969365494423,0.32261080647474555,0.3363003891252384,0.5864349303221176,0.5005705414154409,1.3362337231221837,1.2573836077512492,0.46815839834194223,1.5735501979752835,0.5312413954087782,0.6100138925150466,1.262209575412431,0.9728383526987403,3.7023170462452755,0.9779550445194645,0.9779550445194645,3.7023170462452755,0.9728383526987403,1.262209575412431,0.6100138925150466,0.5312413954087782,1.5735501979752835,0.46815839834194223,1.2573836077512492,1.3362337231221837,0.5005705414154409,0.5864349303221176,0.3363003891252384,0.32261080647474555,0.30494969365494423,0.3084560268181066,NSBE>,0.5682868670354809,<EOL>
2,2018-06-26 18:27:05,0.517,38,42,8,0,TRUE,FALSE,FALSE,FALSE,FALSE,FALSE,1.1.1.1.-1.-1.-1.-1,NA,1,3.555617318569175,55073.609320981304,22.029443728392522,14.212606448214054,NA,NA,0.0025,4,CACATGTG,NB>,-0.5033417538077787,-0.24427136663734647,-1.2375545257565073,-1.5704496723675418,0.18777866845800475,-0.7122949440391732,-0.670296128018832,-2.360804914969175,-0.9565495439156774,1.9816703937163962,-2.863302247962646,-1.717435920407247,0.6164742493899757,-1.8736052204530833,0.3666094562278248,-2.6650958037338914,-2.665095803733892,0.3666094562278245,-1.8736052204530838,0.6164742493899754,-1.7174359204072474,-2.8633022479626464,1.9816703937163958,-0.9565495439156778,-2.360804914969175,-0.6702961280188319,-0.7122949440391732,0.18777866845800473,-1.5704496723675425,-1.237554525756508,-0.24427136663734683,-0.503341753807779,NSB>,3.555617318569175,NE>,0.23432096370470398,0.22486111333336659,0.2675597845445324,0.30787783006068653,0.2600417911437102,0.29190678561204714,0.29978808172372134,0.540597141478114,0.9117529281357251,0.7156459774022279,2.4974766025501745,1.2452974672568329,0.35237437608957145,0.5815299833898129,0.3578889483673765,1.130602047731192,1.130602047731192,0.3578889483673765,0.5815299833898129,0.35237437608957145,1.2452974672568329,2.4974766025501745,0.7156459774022279,0.9117529281357251,0.540597141478114,0.29978808172372134,0.29190678561204714,0.2600417911437102,0.30787783006068653,0.2675597845445324,0.22486111333336659,0.23432096370470398,NSBE>,0.3924991261355464,NS>,0.0,0.0,0.0,0.0,-0.7999991233209799,-0.7701240629112391,-1.391058987802336,-1.8408696830319682,-0.9033604062413858,1.526302634747741,-2.73576901914791,-2.68922506642497,1.1019098816217308,-3.3168423835294,-0.984183946626712,-1.6029354085321417,-1.9721834709641235,1.8361828373084064,-4.758011304117756,0.09196008070694957,0.09196008070694948,-4.758011304117756,1.8361828373084064,-1.9721834709641235,-1.602935408532142,-0.9841839466267123,-3.3168423835294,1.1019098816217305,-2.6892250664249695,-2.7357690191479094,1.526302634747741,-0.9033604062413859,NSBS>,4.802051857066523,<EOL>
3,2018-06-26 18:27:06,0.62,41,50,9,0,TRUE,FALSE,FALSE,FALSE,FALSE,FALSE,1.1.1.1.*.-1.-1.-1.-1,NA,-1,2.6393004955350032,55143.51747376539,22.057406989506156,14.240569709327685,NA,NA,0.0025,5,ACCACTGGT,NB>,-0.04225081470253724,-1.5670610490136052,-0.2791859199255507,-0.7508027118933099,-0.8913687487134728,0.4133977646790575,-0.9860689873087786,-1.1752605241918095,0.744964093794801,0.7450683485528962,-0.22546229432579995,-3.9038706435569,0.5025808564423089,0.411637888579349,-3.158752670176611,-0.3947665703800502,-1.1485605279461766,-0.17108971982132504,-0.17108971982132504,-1.1485605279461766,-0.39476657038005025,-3.1587526701766113,0.41163788857934897,0.5025808564423088,-3.9038706435569,-0.2254622943257999,0.7450683485528962,0.744964093794801,-1.1752605241918095,-0.9860689873087787,0.41339776467905737,-0.8913687487134729,-0.7508027118933099,-0.27918591992555064,-1.5670610490136052,-0.042250814702537234,NSB>,2.6393004955350032,NE>,0.28513792500011403,0.4590385887758772,0.3335618446064394,0.3791680423951183,0.33476391978693126,0.28674796123163315,0.44789271813679654,0.4289642969181161,0.8631436367379224,0.8415983009718424,0.8677562778428365,3.2166860816293705,0.818155101886856,0.7744115658343483,2.894362471092062,0.7732667582923776,0.3629788094878477,0.28618315084001245,0.28618315084001245,0.3629788094878477,0.7732667582923776,2.894362471092062,0.7744115658343483,0.818155101886856,3.2166860816293705,0.8677562778428365,0.8415983009718424,0.8631436367379224,0.4289642969181161,0.44789271813679654,0.28674796123163315,0.33476391978693126,0.3791680423951183,0.3335618446064394,0.4590385887758772,0.28513792500011403,NSBE>,0.5123399989530432,NS>,0.8811495671970703,-1.6106947759978,-0.08118242656435778,-1.907478673254847,-0.4337777352424174,0.882469635139145,-0.9336319626656723,-2.23326624585099,-0.7361113034575048,0.2994785153997973,0.1763010533975693,-2.457874573959796,0.19330390246933968,-1.5524070567793071,-1.5524070567793071,0.19330390246933968,-2.4578745739597965,0.17630105339756905,0.2994785153997971,-0.7361113034575051,-2.23326624585099,-0.9336319626656724,0.8824696351391449,-0.43377773524241753,-1.907478673254847,-0.08118242656435788,-1.6106947759978,0.88114956719707,-0.9496705437083671,-0.6972662893055622,0.0414987006355028,-1.1127681762415078,0.0,0.0,0.0,0.0,NSBS>,2.718206308619935,<EOL>
4,2018-06-26 18:27:05,0.917,65,76,9,0,TRUE,FALSE,FALSE,FALSE,FALSE,FALSE,1.1.1.1.*.-1.-1.-1.-1,NA,0,2.718206308619935,55134.649099960436,22.053859639984175,14.237022359805705,NA,NA,0.0025,5,CACCAGGTG,NB>,-1.112768176241508,0.04149870063550255,-0.6972662893055624,-0.9496705437083675,0.8811495671970703,-1.6106947759978,-0.08118242656435778,-1.907478673254847,-0.4337777352424174,0.882469635139145,-0.9336319626656723,-2.23326624585099,-0.7361113034575048,0.2994785153997973,0.1763010533975693,-2.457874573959796,0.19330390246933968,-1.5524070567793071,-1.5524070567793071,0.19330390246933968,-2.4578745739597965,0.17630105339756905,0.2994785153997971,-0.7361113034575051,-2.23326624585099,-0.9336319626656724,0.8824696351391449,-0.43377773524241753,-1.907478673254847,-0.08118242656435788,-1.6106947759978,0.88114956719707,-0.9496705437083671,-0.6972662893055622,0.0414987006355028,-1.1127681762415078,NSB>,2.718206308619935,NE>,0.28753715634564275,0.16356435324822702,0.2074909765660566,0.2449517138587603,0.29740208771904914,0.6975863028286098,0.3788174716767896,0.812165052867671,0.39735451695185087,0.32272397807041725,0.4747385109423562,1.1740023576026664,0.33687607557047905,0.30352958685275055,0.3217675033623276,1.036321532546248,0.30565314829845047,0.3182305714711756,0.3182305714711756,0.30565314829845047,1.036321532546248,0.3217675033623276,0.30352958685275055,0.33687607557047905,1.1740023576026664,0.4747385109423562,0.32272397807041725,0.39735451695185087,0.812165052867671,0.3788174716767896,0.6975863028286098,0.29740208771904914,0.2449517138587603,0.2074909765660566,0.16356435324822702,0.28753715634564275,NSBE>,0.23331969861487323,<EOL>
5,2018-06-26 18:27:07,0.543,35,44,9,0,TRUE,FALSE,FALSE,FALSE,FALSE,FALSE,1.1.1.1.*.-1.-1.-1.-1,NA,1,2.642629918356111,55143.53091756726,22.057412367026902,14.240575086848436,NA,NA,0.0025,5,ACCACTGGT,NB>,-0.042269190512963184,-1.5671420368979831,-0.2820707742839345,-0.751147916661229,-0.8920237437026429,0.411044291297093,-0.986209144723246,-1.1754413212273145,0.6921924359109263,0.6963175420551457,-0.27347170913466573,-3.757668187187517,0.5594425854591586,0.4658420677201958,-3.3273886411502596,-0.3405259303852057,-1.1497494296729445,-0.17156552950511048,-0.17156552950511048,-1.1497494296729445,-0.34052593038520573,-3.327388641150259,0.46584206772019576,0.5594425854591587,-3.757668187187517,-0.2734717091346658,0.6963175420551457,0.6921924359109262,-1.1754413212273147,-0.986209144723246,0.4110442912970931,-0.8920237437026427,-0.7511479166612292,-0.2820707742839347,-1.5671420368979834,-0.042269190512963295,NSB>,2.642629918356111,NE>,0.3057752380945196,0.4628006324151098,0.35903393028483527,0.39868591562209144,0.345676575061144,0.3091717244856346,0.4649839072221279,0.4403025364473329,0.797707147704969,0.7698731446215211,0.8007980892754981,2.8944279525923995,1.0269162332400588,0.9806749032889639,3.735325473969406,0.9689948052279298,0.3834370376840472,0.30004274631894884,0.30004274631894884,0.3834370376840472,0.9689948052279298,3.735325473969406,0.9806749032889639,1.0269162332400588,2.8944279525923995,0.8007980892754981,0.7698731446215211,0.797707147704969,0.4403025364473329,0.4649839072221279,0.3091717244856346,0.345676575061144,0.39868591562209144,0.35903393028483527,0.4628006324151098,0.3057752380945196,NSBE>,0.5560785718416887,NS>,0.0,0.0,0.0,0.0,-1.112768176241508,0.04149870063550255,-0.6972662893055624,-0.9496705437083675,0.8811495671970703,-1.6106947759978,-0.08118242656435778,-1.907478673254847,-0.4337777352424174,0.882469635139145,-0.9336319626656723,-2.23326624585099,-0.7361113034575048,0.2994785153997973,0.1763010533975693,-2.457874573959796,0.19330390246933968,-1.5524070567793071,-1.5524070567793071,0.19330390246933968,-2.4578745739597965,0.17630105339756905,0.2994785153997971,-0.7361113034575051,-2.23326624585099,-0.9336319626656724,0.8824696351391449,-0.43377773524241753,-1.907478673254847,-0.08118242656435788,-1.6106947759978,0.88114956719707,NSBS>,2.718206308619935,<EOL>
6,2018-06-26 18:27:09,0.654,51,62,10,0,TRUE,FALSE,FALSE,FALSE,FALSE,FALSE,1.1.1.1.1.-1.-1.-1.-1.-1,NA,-1,3.0223000682202525,55086.38698044573,22.03455479217829,14.217717511999822,NA,NA,0.0025,5,ACACATGTGT,NB>,-0.662951641308843,-0.7736174385680312,-0.8733207953137163,-0.7124101930296621,-0.386741536090255,-0.07335884916787762,-1.14706767462533,-1.4151320083367902,0.24561378083074406,-0.6034477934602496,-0.74627689386251,-1.9181891617282374,-1.035188395787628,1.81043885140579,-1.7674258132739955,-2.0301247105644196,1.1007051605408664,-2.8324903443235687,0.8909028559928456,-2.1814177404303967,-2.1814177404303967,0.8909028559928456,-2.8324903443235687,1.1007051605408666,-2.03012471056442,-1.7674258132739953,1.8104388514057903,-1.0351883957876278,-1.9181891617282374,-0.74627689386251,-0.6034477934602496,0.24561378083074403,-1.41513200833679,-1.1470676746253299,-0.07335884916787754,-0.38674153609025497,-0.7124101930296621,-0.8733207953137163,-0.7736174385680312,-0.662951641308843,NSB>,3.0223000682202525,NE>,0.19600467785260822,0.20189254008639157,0.21284302804329897,0.19694716238429982,0.19252930545363986,0.1817813798777789,0.25791854343596876,0.27034399161673406,0.21104386328351932,0.24468557258982213,0.26820433089817275,0.40004101764646416,0.7268238967768246,0.5127849870740555,1.171696413068205,1.3130347547700063,0.580635417666597,1.8188923051628036,0.5861222691559553,1.2378467756712315,1.2378467756712315,0.5861222691559553,1.8188923051628036,0.580635417666597,1.3130347547700063,1.171696413068205,0.5127849870740555,0.7268238967768246,0.40004101764646416,0.26820433089817275,0.24468557258982213,0.21104386328351932,0.27034399161673406,0.25791854343596876,0.1817813798777789,0.19252930545363986,0.19694716238429982,0.21284302804329897,0.20189254008639157,0.19600467785260822,NSBE>,0.2925150437402125,NS>,-0.571119392343373,-0.5717504178730252,-0.9848147874953455,-1.6832945966406774,-0.8595451013810171,1.6519415126035963,-1.8492129982935608,-2.754162607281439,1.3457135574580912,-2.890311104654149,-0.665302761891908,-1.6010788852644549,-1.6873571109407766,1.61268135362756,-3.736655382773744,3.519457345393228E-4,3.519457345393974E-4,-3.736655382773744,1.61268135362756,-1.6873571109407766,-1.601078885264455,-0.6653027618919081,-2.890311104654149,1.345713557458091,-2.754162607281439,-1.8492129982935608,1.6519415126035961,-0.8595451013810171,-1.6832945966406776,-0.9848147874953456,-0.5717504178730254,-0.5711193923433732,-1.0718522273902031,-0.8908783385662218,-1.29150368689785,-0.5567449414981457,0.0,0.0,0.0,0.0,NSBS>,3.8109791943524214,<EOL>
7,2018-06-26 18:27:08,1.507,97,117,10,0,TRUE,FALSE,FALSE,FALSE,FALSE,FALSE,1.1.1.1.1.-1.-1.-1.-1.-1,NA,0,3.8109791943524214,55058.54952839417,22.02341981135767,14.2065825311792,NA,NA,0.0025,5,AACACGTGTT,NB>,-0.5567449414981457,-1.29150368689785,-0.8908783385662218,-1.0718522273902036,-0.571119392343373,-0.5717504178730252,-0.9848147874953455,-1.6832945966406774,-0.8595451013810171,1.6519415126035963,-1.8492129982935608,-2.754162607281439,1.3457135574580912,-2.890311104654149,-0.665302761891908,-1.6010788852644549,-1.6873571109407766,1.61268135362756,-3.736655382773744,3.519457345393228E-4,3.519457345393974E-4,-3.736655382773744,1.61268135362756,-1.6873571109407766,-1.601078885264455,-0.6653027618919081,-2.890311104654149,1.345713557458091,-2.754162607281439,-1.8492129982935608,1.6519415126035961,-0.8595451013810171,-1.6832945966406776,-0.9848147874953456,-0.5717504178730254,-0.5711193923433732,-1.0718522273902031,-0.8908783385662218,-1.29150368689785,-0.5567449414981457,NSB>,3.8109791943524214,NE>,0.23672367148952037,0.25866119250137354,0.23055661866099075,0.2331528314543164,0.2245256297222737,0.22839294193083431,0.2507247649999075,0.28923989422787966,0.5877624742421529,0.4673292613349272,0.8580259141567123,1.4818660579857186,0.4267480294704985,1.473553641603383,0.5077245008269402,0.6368873966562709,0.8875725837729671,0.7245078581511368,2.608212231055679,0.7347672634291511,0.7347672634291511,2.608212231055679,0.7245078581511368,0.8875725837729671,0.6368873966562709,0.5077245008269402,1.473553641603383,0.4267480294704985,1.4818660579857186,0.8580259141567123,0.4673292613349272,0.5877624742421529,0.28923989422787966,0.2507247649999075,0.22839294193083431,0.2245256297222737,0.2331528314543164,0.23055661866099075,0.25866119250137354,0.23672367148952037,NSBE>,0.37713945483922323,<EOL>
8,2018-06-26 18:27:10,0.439,40,44,10,0,TRUE,FALSE,FALSE,FALSE,FALSE,FALSE,1.1.1.1.1.-1.-1.-1.-1.-1,NA,1,3.023704452666228,55086.400386444824,22.034560154577928,14.217722874399461,NA,NA,0.0025,5,ACACATGTGT,NB>,-0.6638829248591058,-0.7740856172900649,-0.8726872941520354,-0.7130486163650216,-0.38674813450224366,-0.07306463800854565,-1.150699687715899,-1.41319199243954,0.24423870898730315,-0.6050428384223453,-0.7483122434251864,-1.9145880798059993,-1.0381177245934528,1.8021513779691118,-1.7425906155987485,-2.0451474904431395,1.111191208417706,-2.866145899609024,0.9023442013558958,-2.1710939628308075,-2.171093962830807,0.9023442013558957,-2.8661458996090237,1.1111912084177062,-2.0451474904431395,-1.7425906155987485,1.8021513779691118,-1.0381177245934528,-1.9145880798059993,-0.7483122434251865,-0.6050428384223456,0.2442387089873031,-1.41319199243954,-1.1506996877158988,-0.07306463800854551,-0.38674813450224366,-0.7130486163650221,-0.8726872941520359,-0.7740856172900653,-0.6638829248591064,NSB>,3.023704452666228,NE>,0.19779548655505785,0.20352612929782943,0.21400323613716413,0.19864255827875016,0.19423313730299682,0.18327375084914832,0.2605673879829517,0.2702695546051836,0.21221908581469912,0.24536694069839193,0.2695313740084093,0.398622246601513,0.7208423600916577,0.5081285311611887,1.1268986803768453,1.323711661798105,0.5994726093204981,1.9059277620804853,0.6051146047789935,1.2458861053903383,1.2458861053903383,0.6051146047789935,1.9059277620804853,0.5994726093204981,1.323711661798105,1.1268986803768453,0.5081285311611887,0.7208423600916577,0.398622246601513,0.2695313740084093,0.24536694069839193,0.21221908581469912,0.2702695546051836,0.2605673879829517,0.18327375084914832,0.19423313730299682,0.19864255827875016,0.21400323613716413,0.20352612929782943,0.19779548655505785,NSBE>,0.29694544728893396,NS>,0.0,0.0,0.0,0.0,-0.5567449414981457,-1.29150368689785,-0.8908783385662218,-1.0718522273902036,-0.571119392343373,-0.5717504178730252,-0.9848147874953455,-1.6832945966406774,-0.8595451013810171,1.6519415126035963,-1.8492129982935608,-2.754162607281439,1.3457135574580912,-2.890311104654149,-0.665302761891908,-1.6010788852644549,-1.6873571109407766,1.61268135362756,-3.736655382773744,3.519457345393228E-4,3.519457345393974E-4,-3.736655382773744,1.61268135362756,-1.6873571109407766,-1.601078885264455,-0.6653027618919081,-2.890311104654149,1.345713557458091,-2.754162607281439,-1.8492129982935608,1.6519415126035961,-0.8595451013810171,-1.6832945966406776,-0.9848147874953456,-0.5717504178730254,-0.5711193923433732,NSBS>,3.8109791943524214,<EOL>
